R1,R2,R3,Metal_NPA,d_cp-M,d_B-M,E_els,E_rep,LUMO,1-octene,Al/M,T,CA
0.2966,2.05955,0.32388,1.65041,2.18256,2.24515,-212.21,769.05,-5.481747,45,100,120,6.8388
0.30744,2.05405,0.30471,1.66119,2.18027,2.25654,-209.16,761.9,-5.556485,45,100,120,6.5185
0.30795,2.06584,0.29525,1.65199,2.18156,2.25821,-205.74,752.27,-5.697833,45,100,120,6.4472
0.30839,2.04997,0.29387,1.68254,2.18552,2.26475,-207.72,760.18,-5.482905,45,100,120,6.7243
0.33234,2.00486,0.39734,1.38275,2.24789,2.24248,-220.18,661.76,-5.930201,1000,20000,40,6.1474
0.33234,2.00486,0.39734,1.38275,2.24789,2.24248,-220.18,661.76,-5.930201,600,20000,40,6.444
0.33234,2.00486,0.39734,1.38275,2.24789,2.24248,-220.18,661.76,-5.930201,800,20000,40,5.7753
0.36582,2.05003,0.4172,1.41334,2.20812,2.28706,-239.48,729.27,-5.513676,45,100,120,6.1139
0.36992,2.05704,0.40781,1.41499,2.2092,2.28963,-236.56,718.57,-5.645142,45,100,120,7.1987
0.37826,2.05592,0.38843,1.41411,2.20657,2.30084,-233.19,708.26,-5.716437,45,100,120,7.0294
0.37836,2.06809,0.37865,1.40862,2.20856,2.30068,-230.3,698.54,-5.866914,45,100,120,6.9243
0.3805,2.06645,0.36741,1.4273,2.21103,2.30266,-230.91,702.22,-5.808924,45,100,120,7.1367
0.38207,2.05197,0.37768,1.43269,2.2107,2.30467,-233.17,710.44,-5.66146,45,100,120,7.1987
0.38559,2.05153,0.375,1.4366,2.21631,2.31026,-229.2,704.51,-5.60037,45,100,120,6.8062
0.41136,2.01054,0.4151,1.3408,2.25113,2.24345,-238.57,737.17,-6.071602,600,20000,40,6.7825
0.41471,2.00505,0.40744,1.35066,2.23782,2.2355,-217.27,653.56,-5.275588,600,20000,40,6.8686
0.63629,2.17073,0.45559,0.76461,2.03106,1.8852,-221.35,647.38,-5.840777,96,300,150,5.2068
0.63629,2.17073,0.45559,0.76461,2.03106,1.8852,-221.35,647.38,-5.840777,96,300,150,5.2068
0.64373,2.17331,0.43774,0.7671,2.0302,1.88621,-220.27,643.28,-5.925336,96,300,150,5.4133
0.66822,2.17991,0.45708,0.72719,2.03399,1.93143,-234.69,737.99,-6.293744,96,300,150,5.4669
0.67132,2.18049,0.45411,0.72582,2.03355,1.9315,-233.99,734.35,-6.3553196,51,1000,150,5.3424
0.67132,2.18049,0.45411,0.72582,2.03355,1.9315,-233.99,734.35,-6.3553196,13,1000,120,5.4249
0.67132,2.18049,0.45411,0.72582,2.03355,1.9315,-233.99,734.35,-6.3553196,96,300,120,5.6884
0.67132,2.18049,0.45411,0.72582,2.03355,1.9315,-233.99,734.35,-6.3553196,96,300,50,5.7796
0.67132,2.18049,0.45411,0.72582,2.03355,1.9315,-233.99,734.35,-6.3553196,32,1000,120,5.4548
0.67132,2.18049,0.45411,0.72582,2.03355,1.9315,-233.99,734.35,-6.3553196,96,300,80,5.7649
0.67132,2.18049,0.45411,0.72582,2.03355,1.9315,-233.99,734.35,-6.3553196,76,1000,120,5.6425
0.67132,2.18049,0.45411,0.72582,2.03355,1.9315,-233.99,734.35,-6.3553196,96,800,60,5.6128
0.67132,2.18049,0.45411,0.72582,2.03355,1.9315,-233.99,734.35,-6.3553196,76,1000,150,5.48
0.67132,2.18049,0.45411,0.72582,2.03355,1.9315,-233.99,734.35,-6.3553196,51,1000,120,5.4914
0.67132,2.18049,0.45411,0.72582,2.03355,1.9315,-233.99,734.35,-6.3553196,96,300,100,5.7267
0.67132,2.18049,0.45411,0.72582,2.03355,1.9315,-233.99,734.35,-6.3553196,96,300,60,5.8156
0.67132,2.18049,0.45411,0.72582,2.03355,1.9315,-233.99,734.35,-6.3553196,32,1000,150,5.3054
0.67132,2.18049,0.45411,0.72582,2.03355,1.9315,-233.99,734.35,-6.3553196,64,1000,150,5.4166
0.67132,2.18049,0.45411,0.72582,2.03355,1.9315,-233.99,734.35,-6.3553196,13,1000,150,5.2601
0.67132,2.18049,0.45411,0.72582,2.03355,1.9315,-233.99,734.35,-6.3553196,96,1000,60,5.4857
0.67132,2.18049,0.45411,0.72582,2.03355,1.9315,-233.99,734.35,-6.3553196,51,1000,150,5.3424
0.67132,2.18049,0.45411,0.72582,2.03355,1.9315,-233.99,734.35,-6.3553196,96,300,150,5.5198
0.67132,2.18049,0.45411,0.72582,2.03355,1.9315,-233.99,734.35,-6.3553196,96,100,60,5.6646
0.67132,2.18049,0.45411,0.72582,2.03355,1.9315,-233.99,734.35,-6.3553196,64,1000,120,5.5465
0.67132,2.18049,0.45411,0.72582,2.03355,1.9315,-233.99,734.35,-6.3553196,96,500,60,5.8525
0.67132,2.18049,0.45411,0.72582,2.03355,1.9315,-233.99,734.35,-6.3553196,32,1000,150,5.3054
0.68381,1.01,1.50645,0.72498,2.02935,1.87841,-229.06,670.04,-5.750456,27,4,130,7.5515
0.69092,1.01,1.50401,0.71446,2.02242,1.88592,-228.15,666.82,-5.691102,27,4,130,7.6776
0.69101,1.01,1.51723,0.7043,2.02516,1.88124,-230.1,675.57,-5.789565,27,4,130,7.7896
0.69148,1.01,1.49464,0.72505,2.02517,1.8802,-229.68,673.87,-5.820112,27,4,130,7.5611
0.69834,1.01,1.48649,0.71724,2.02194,1.89261,-228.07,667.2,-5.706874,27,4,130,7.2253
0.70337,1.01,1.48207,0.71657,2.02108,1.88878,-226.73,663.74,-5.661774,27,4,130,7.3874
0.7194,1.01,0.73346,1.99426,2.20046,1.92516,-256.52,961.06,-5.216752,5.3,4,25,5.8854
0.7194,1.01,0.73346,1.99426,2.20046,1.92516,-256.52,961.06,-5.216752,5.3,4,55,5.9212
0.73609,2.1247,0.43131,0.77077,2.04643,1.88747,-219.28,646.22,-6.069322,85,1000,80,6.9217
0.76313,2.11543,0.41349,0.80058,2.05907,1.88796,-222.82,655.33,-5.888226,192,600,80,8.5763
0.76551,1.1741,0.4755,1.93296,2.20743,2.12387,-230.02,883.54,-5.077543,100,2000,180,8.0899
0.76937,2.12595,0.21272,1.07049,2.02489,1.89706,-227.47,665.03,-5.544863,312,1000,90,6.0394
0.77284,2.12734,0.20468,1.07175,2.02346,1.89621,-226.49,662.04,-5.608973,312,1000,90,5.7372
0.8038,2.10212,0.38625,0.81439,2.04019,1.90104,-226.55,668.59,-5.738717,85,1000,80,7.4698
0.8038,2.10212,0.38625,0.81439,2.04019,1.90104,-226.55,668.59,-5.738717,312,1000,90,6.3883
0.8124,1.12816,0.81905,1.33478,2.26745,2.27059,-241.13,735.79,-5.619613,26,2000,50,6.5682
0.8124,1.12816,0.81905,1.33478,2.26745,2.27059,-241.13,735.79,-5.619613,60,2000,70,6.6532
0.8124,1.12816,0.81905,1.33478,2.26745,2.27059,-241.13,735.79,-5.619613,20,2000,70,6.5441
0.8124,1.12816,0.81905,1.33478,2.26745,2.27059,-241.13,735.79,-5.619613,20,2000,70,6.5441
0.8124,1.12816,0.81905,1.33478,2.26745,2.27059,-241.13,735.79,-5.619613,43,2000,50,6.5441
0.82018,2.10017,0.38334,0.7768,2.05657,1.89742,-226.22,669.96,-5.66756,85,1000,80,7.5441
0.84968,1.01,0.7644,1.63599,2.22972,1.96075,-309.76,796.3,-5.251847,5.3,15,55,7.1116
0.86788,1.01,0.75799,1.63803,2.22629,1.94528,-268.48,813.81,-5.517698,5.3,4,55,6.415
0.86788,1.01,0.75799,1.63803,2.22629,1.94528,-268.48,813.81,-5.517698,5.3,4,25,6.5052
0.94661,1.01,0.9117,1.34145,2.23256,2.23242,-221.54,664.14,-6.429745,32,2000,50,7.0128
0.94661,1.01,0.9117,1.34145,2.23256,2.23242,-221.54,664.14,-6.429745,55,2000,70,7.0212
0.94661,1.01,0.9117,1.34145,2.23256,2.23242,-221.54,664.14,-6.429745,94,2000,50,7.179
0.94661,1.01,0.9117,1.34145,2.23256,2.23242,-221.54,664.14,-6.429745,23,2000,70,8.179
1.02223,1.39755,0.66713,0.90758,1.99931,1.93503,-248,785.4,-6.544651,800,25,90,7.6233
1.03871,1.38678,0.6625,0.91661,1.99798,1.93847,-250.93,793.49,-6.422554,800,25,90,7.8261
1.11357,1.01,0.87517,1.03826,2.02287,1.91765,-231.21,702.55,-5.9262,300,1000,80,7.301
1.12742,1.21825,0.56497,1.10179,1.99582,1.785,-216.84,632.96,-6.270978,800,25,90,7.301
1.13302,1.01,0.82981,1.00829,2.02189,1.77673,-223.06,658.77,-5.85833,5.3,150,25,8.1875
1.1375,1.25681,0.81506,0.77443,2.03055,2.00038,-232.77,734.32,-5.84327,800,25,90,6.8062
1.14069,1.01,0.8621,1.02929,2.01012,1.91912,-237.61,721.51,-5.863001,300,1000,80,7.7324
1.14069,1.01,0.8621,1.02929,2.01012,1.91912,-237.61,721.51,-5.863001,300,1000,80,7.7324
1.14099,1.01,0.84096,1.05378,1.99828,1.9119,-231.11,684.94,-5.625677,300,1000,80,7.2041
1.14844,1.01,0.85767,1.02997,1.99696,1.92066,-251.94,770.56,-5.799611,300,1000,80,7.7924
1.14855,1.25287,0.80963,0.78173,2.02968,2.00013,-234.7,739.7,-5.745196,800,25,90,6.6128
1.15279,1.01,0.84041,0.95407,2.02388,1.81844,-240.39,749.87,-7.037603,1000,1.2,30,6.7324
1.15353,1.23656,0.81351,0.78374,2.03529,1.98264,-232.76,731.19,-5.828763,800,25,90,8.1139
1.1577,1.21512,0.82383,0.78383,2.03807,1.98676,-232.6,732.8,-5.957395,800,25,90,6.7853
1.1577,1.21512,0.82383,0.78383,2.03807,1.98676,-232.6,732.8,-5.957395,800,25,90,6.7853
1.15815,1.22216,0.64228,0.83406,1.99472,1.78786,-217.18,635.42,-6.186585,800,25,90,7.7993
1.16751,1.01,1.04167,0.89534,2.0491,1.78084,-264.26,799.16,-5.940979,5.3,4,25,5.6128
1.16751,1.01,1.04167,0.89534,2.0491,1.78084,-264.26,799.16,-5.940979,5.3,4,55,5.882
1.17344,1.01,1.14492,0.63198,2.01125,2.2854,-288.74,750.75,-6.483765,1000,1.2,30,6.9685
1.18655,1.01,0.98323,0.8234,1.99896,1.90555,-232.59,690.18,-5.644799,300,800,80,7.4771
1.18708,1.01,1.06447,0.93671,2.00149,1.91025,-257.8,798.13,-5.80083,300,800,80,7.5798
1.18925,1.01,1.00093,0.82651,1.99194,1.90784,-263.71,821.84,-5.811944,300,800,80,7.4472
1.18979,1.01,0.97878,0.82355,1.99865,1.90648,-232.6,690.1,-5.674327,300,800,80,7.6628
1.19067,1.01,0.97841,0.82853,2.00481,1.90663,-233.84,692.05,-5.592989,300,800,80,7.9395
1.19209,1.01,1.00826,0.81194,1.99562,1.90998,-264.24,828.37,-5.769842,300,800,80,7.3802
1.19394,1.01,0.97399,0.82858,2.00472,1.90732,-234.32,692.66,-5.623159,300,800,80,7.716
1.19411,1.01,0.9734,0.82245,1.99871,1.90778,-231.89,687.56,-5.697474,300,800,80,7.6128
1.19782,1.25142,0.56114,0.9655,2.03676,1.98248,-230.57,724.98,-5.930201,800,25,90,7.7076
1.26117,1.01,1.06165,0.68696,2.01981,2.32941,-271.01,802.52,-6.325715,2000,1.2,30,7.0334
1.26117,1.01,1.06165,0.68696,2.01981,2.32941,-271.01,802.52,-6.325715,500,1.2,30,6.9956
1.26117,1.01,1.06165,0.68696,2.01981,2.32941,-271.01,802.52,-6.325715,1000,1.2,60,6.5185
1.26117,1.01,1.06165,0.68696,2.01981,2.32941,-271.01,802.52,-6.325715,1000,1.2,30,6.2175
1.26117,1.01,1.06165,0.68696,2.01981,2.32941,-271.01,802.52,-6.325715,1000,1.2,30,7.2095
1.26117,1.01,1.06165,0.68696,2.01981,2.32941,-271.01,802.52,-6.325715,1000,1.2,30,6.7324
1.30128,1.01,1.5072,0.66925,2.02983,2.29691,-289.45,757.54,-6.286597,1000,1.2,30,6.8751
1.33812,1.01,1.27534,0.37381,2.0342,2.27465,-282.9,760.58,-5.871816,1000,1.2,30,6.9823
